cpp_keyword,category,ar,ur,fa,prs,haz,sd,pa_sh,skr,bal,brh,hnd,ks,khw,scl,bft,wbl,ku_sor,ku_kmr_pa,ota,ug,ha_aj,sw_aj,wo_aj,ff_aj,mnk_aj,jrb,jpr,tg_pa,lrc,mzn,glk,tat,syr_gar,ms_jawi,azb,kk_arab,ky_arab,tk_arab,so_arab,kr_arab,rhg
alignas,qualifier,محاذاة,ہم_سطح,تراز,تراز,تراز,سڌائي,ہم_سطح,سڌائي,تراز,تراز,ہم_سطح,ہم_سطح,ہم_سطح,ہم_سطح,ہم_سطح,هاوسەنگ,هاوسەنگ,تراز,تەڭلەش,محاذاة,محاذاة,محاذاة,محاذاة,تراز,تراز,محاذاة,محاذاة,تراز,تراز,تراز,تراز,تراز,تراز,الاين,تراز,تەڭلەش,تەڭلەش,تەڭلەش,محاذاة,محاذاة,ညှိ
alignof,operator,محاذاة_من,ہم_سطح_کا,تراز_از,تراز_از,تراز_از,سڌائي_جو,ہم_سطح_کا,سڌائي_جو,تراز_از,تراز_از,ہم_سطح_کا,ہم_سطح_کا,ہم_سطح_کا,ہم_سطح_کا,ہم_سطح_کا,هاوسەنگی,هاوسەنگی,تراز_از,تەڭلىك,محاذاة_من,محاذاة_من,محاذاة_من,محاذاة_من,تراز_از,تراز_از,محاذاة_من,محاذاة_من,تراز_از,تراز_از,تراز_از,تراز_از,تراز_از,تراز_از,الاينوف,تراز_از,تەڭلىك,تەڭلىك,تەڭلىك,محاذاة_من,محاذاة_من,တိုင်း
and,operator,و,اور,و,و,و,۽,اور,۽,و,و,اور,اور,اور,اور,اور,و,و,و,ۋە,و,و,و,و,و,و,و,و,و,و,و,و,و,و,اند,و,ۋە,ۋە,ۋە,و,و,နှင့်
and_eq,operator,و_برابر,اور_برابر,و_برابر,و_برابر,و_برابر,۽_برابر,اور_برابر,۽_برابر,و_برابر,و_برابر,اور_برابر,اور_برابر,اور_برابر,اور_برابر,اور_برابر,و_یەکسان,و_یەکسان,و_برابر,ۋە_تەڭ,و_برابر,و_برابر,و_برابر,و_برابر,و_برابر,و_برابر,و_برابر,و_برابر,و_برابر,و_برابر,و_برابر,و_برابر,و_برابر,و_برابر,اند_ايكول,و_برابر,ۋە_تەڭ,ۋە_تەڭ,ۋە_تەڭ,و_برابر,و_برابر,နှင့်_တူ
asm,definition,اسمبلر,اسمبلی,اسمبلر,اسمبلر,اسمبلر,اسمبلر,اسمبلی,اسمبلر,اسمبلر,اسمبلر,اسمبلی,اسمبلی,اسمبلی,اسمبلی,اسمبلی,اسمبلە,اسمبلە,اسمبلر,ئاسىمبىلر,اسمبلر,اسمبلر,اسمبلر,اسمبلر,اسمبلر,اسمبلر,اسمبلر,اسمبلر,اسمبلر,اسمبلر,اسمبلر,اسمبلر,اسمبلر,اسمبلر,اسمبلر,اسمبلر,ئاسىمبىلر,ئاسىمبىلر,ئاسىمبىلر,اسمبلر,اسمبلر,အက်စမ်း
auto,storage,تلقائي,خودکار,خودکار,خودکار,خودکار,خودڪار,خودکار,خودڪار,خودکار,خودکار,خودکار,خودکار,خودکار,خودکار,خودکار,خۆکار,خۆکار,خودکار,ئاپتوماتىك,تلقائي,تلقائي,تلقائي,تلقائي,خودکار,خودکار,تلقائي,تلقائي,خودکار,خودکار,خودکار,خودکار,خودکار,خودکار,اوتوماتيك,خودکار,ئاپتوماتىك,ئاپتوماتىك,ئاپتوماتىك,تلقائي,تلقائي,အလိုအလျောက်
bool,type,منطقي,منطقی,بولی,بولی,بولی,بولين,منطقی,بولين,بولی,بولی,منطقی,منطقی,منطقی,منطقی,منطقی,دوودەیی,دوودەیی,بولی,بۇل,منطقي,منطقي,منطقي,منطقي,بولی,بولی,منطقي,منطقي,بولی,بولی,بولی,بولی,بولی,بولی,بول,بولی,بۇل,بۇل,بۇل,منطقي,منطقي,ဘူးလ်
break,control,اكسر,توڑو,شکن,شکن,شکن,ٽوڙ,توڑو,ٽوڙ,شکن,شکن,توڑو,توڑو,توڑو,توڑو,توڑو,بشکێنە,بشکێنە,شکستن,توختا,اكسر,اكسر,اكسر,اكسر,شکن,شکن,اكسر,اكسر,شکن,شکن,شکن,شکن,شکن,شکن,ڤوتس,شکن,توختا,توختا,توختا,اكسر,اكسر,ဖျက်
case,control,حالة,کیس,مورد,مورد,مورد,حالت,کیس,حالت,مورد,مورد,کیس,کیس,کیس,کیس,کیس,بابەت,بابەت,مورد,ھالەت,حالة,حالة,حالة,حالة,مورد,مورد,حالة,حالة,مورد,مورد,مورد,مورد,مورد,مورد,كس,مورد,ھالەت,ھالەت,ھالەت,حالة,حالة,ကိစ္စ
catch,exception,التقط,پکڑو,بگیر,بگیر,بگیر,پڪڙ,پکڑو,پڪڙ,بگیر,بگیر,پکڑو,پکڑو,پکڑو,پکڑو,پکڑو,بگرە,بگرە,بگیر,تۇت,التقط,التقط,التقط,التقط,بگیر,بگیر,التقط,التقط,بگیر,بگیر,بگیر,بگیر,بگیر,بگیر,كچ,بگیر,تۇت,تۇت,تۇت,التقط,التقط,ဖမ်း
char,type,حرف,حرف,کاراکتر,کاراکتر,کاراکتر,اکر,حرف,اکر,کاراکتر,کاراکتر,حرف,حرف,حرف,حرف,حرف,پیت,پیت,کاراکتر,ھەرپ,حرف,حرف,حرف,حرف,کاراکتر,کاراکتر,حرف,حرف,کاراکتر,کاراکتر,کاراکتر,کاراکتر,کاراکتر,کاراکتر,چار,کاراکتر,ھەرپ,ھەرپ,ھەرپ,حرف,حرف,အက္ခရာ
char16_t,type,حرف16,حرف16,کاراکتر16,کاراکتر16,کاراکتر16,اکر16,حرف16,اکر16,کاراکتر16,کاراکتر16,حرف16,حرف16,حرف16,حرف16,حرف16,پیت16,پیت16,کاراکتر16,ھەرپ16,حرف16,حرف16,حرف16,حرف16,کاراکتر16,کاراکتر16,حرف16,حرف16,کاراکتر16,کاراکتر16,کاراکتر16,کاراکتر16,کاراکتر16,کاراکتر16,چار16,کاراکتر16,ھەرپ16,ھەرپ16,ھەرپ16,حرف16,حرف16,အက္ခရာ16
char32_t,type,حرف32,حرف32,کاراکتر32,کاراکتر32,کاراکتر32,اکر32,حرف32,اکر32,کاراکتر32,کاراکتر32,حرف32,حرف32,حرف32,حرف32,حرف32,پیت32,پیت32,کاراکتر32,ھەرپ32,حرف32,حرف32,حرف32,حرف32,کاراکتر32,کاراکتر32,حرف32,حرف32,کاراکتر32,کاراکتر32,کاراکتر32,کاراکتر32,کاراکتر32,کاراکتر32,چار32,کاراکتر32,ھەرپ32,ھەرپ32,ھەرپ32,حرف32,حرف32,အက္ခရာ32
class,definition,فئة,کلاس,کلاس,کلاس,کلاس,ڪلاس,کلاس,ڪلاس,کلاس,کلاس,کلاس,کلاس,کلاس,کلاس,کلاس,کلاس,کلاس,کلاس,سىنىپ,فئة,فئة,فئة,فئة,کلاس,کلاس,فئة,فئة,کلاس,کلاس,کلاس,کلاس,کلاس,کلاس,كلاس,کلاس,سىنىپ,سىنىپ,سىنىپ,فئة,فئة,အတန်း
const,qualifier,ثابت,مستقل,ثابت,ثابت,ثابت,مستقل,مستقل,مستقل,ثابت,ثابت,مستقل,مستقل,مستقل,مستقل,مستقل,جێگیر,جێگیر,ثابت,مۇقىم,ثابت,ثابت,ثابت,ثابت,ثابت,ثابت,ثابت,ثابت,ثابت,ثابت,ثابت,ثابت,ثابت,ثابت,كونستن,ثابت,مۇقىم,مۇقىم,مۇقىم,ثابت,ثابت,အမြဲ
constexpr,qualifier,ثابت_وقت_الترجمة,ترجمہ_وقتی,ثابت_کامپایل,ثابت_کامپایل,ثابت_کامپایل,ڪمپائل_ثابت,ترجمہ_وقتی,ڪمپائل_ثابت,ثابت_کامپایل,ثابت_کامپایل,ترجمہ_وقتی,ترجمہ_وقتی,ترجمہ_وقتی,ترجمہ_وقتی,ترجمہ_وقتی,کۆمپایل_جێگیر,کۆمپایل_جێگیر,ثابت_کامپایل,تەرجىمە_جەرىيانى,ثابت_وقت_الترجمة,ثابت_وقت_الترجمة,ثابت_وقت_الترجمة,ثابت_وقت_الترجمة,ثابت_کامپایل,ثابت_کامپایل,ثابت_وقت_الترجمة,ثابت_وقت_الترجمة,ثابت_کامپایل,ثابت_کامپایل,ثابت_کامپایل,ثابت_کامپایل,ثابت_کامپایل,ثابت_کامپایل,كونستكسپر,ثابت_کامپایل,تەرجىمە_جەرىيانى,تەرجىمە_جەرىيانى,تەرجىمە_جەرىيانى,ثابت_وقت_الترجمة,ثابت_وقت_الترجمة,တည်ငြိမ်_ကွန်ပိုင်
continue,control,تابع,جاری_رکھو,ادامه,ادامه,ادامه,جاري,جاری_رکھو,جاري,ادامه,ادامه,جاری_رکھو,جاری_رکھو,جاری_رکھو,جاری_رکھو,جاری_رکھو,بەردەوام,بەردەوام,ادامه,داۋاملاشتۇر,تابع,تابع,تابع,تابع,ادامه,ادامه,تابع,تابع,ادامه,ادامه,ادامه,ادامه,ادامه,ادامه,ترسكن,ادامه,داۋام,داۋام,داۋام,داۋام,داوام,ဆက်
co_await,coroutine,انتظار_مشترك,مشترکہ_انتظار,همزمان_انتظار,همزمان_انتظار,همزمان_انتظار,همزمان_انتظار,مشترکہ_انتظار,همزمان_انتظار,همزمان_انتظار,همزمان_انتظار,مشترکہ_انتظار,مشترکہ_انتظار,مشترکہ_انتظار,مشترکہ_انتظار,مشترکہ_انتظار,هاوپەیوەند_چاوەڕوانی,هاوپەیوەند_چاوەڕوانی,همزمان_انتظار,ھەمزەمەن_كۈتۈش,انتظار_مشترك,انتظار_مشترك,انتظار_مشترك,انتظار_مشترك,همزمان_انتظار,همزمان_انتظار,انتظار_مشترك,انتظار_مشترك,همزمان_انتظار,همزمان_انتظار,همزمان_انتظار,همزمان_انتظار,همزمان_انتظار,همزمان_انتظار,كو_اويت,همزمان_انتظار,ھەمزەمەن_كۈتۈش,ھەمزەمەن_كۈتۈش,ھەمزەمەن_كۈتۈش,انتظار_مشترك,انتظار_مشترك,အတူ_စောင့်
co_return,coroutine,إرجاع_مشترك,مشترکہ_واپسی,همزمان_بازگشت,همزمان_بازگشت,همزمان_بازگشت,همزمان_موٽ,مشترکہ_واپسی,همزمان_موٽ,همزمان_بازگشت,همزمان_بازگشت,مشترکہ_واپسی,مشترکہ_واپسی,مشترکہ_واپسی,مشترکہ_واپسی,مشترکہ_واپسی,هاوپەیوەند_گەڕانەوە,هاوپەیوەند_گەڕانەوە,همزمان_بازگشت,ھەمزەمەن_قايتىش,إرجاع_مشترك,إرجاع_مشترك,إرجاع_مشترك,إرجاع_مشترك,همزمان_بازگشت,همزمان_بازگشت,إرجاع_مشترك,إرجاع_مشترك,همزمان_بازگشت,همزمان_بازگشت,همزمان_بازگشت,همزمان_بازگشت,همزمان_بازگشت,همزمان_بازگشت,كو_ريتيرن,همزمان_بازگشت,ھەمزەمەن_قايتىش,ھەمزەمەن_قايتىش,ھەمزەمەن_قايتىش,إرجاع_مشترك,إرجاع_مشترك,အတူ_ပြန်
co_yield,coroutine,إنتاج_مشترك,مشترکہ_پیداوار,همزمان_پیدا,همزمان_پیدا,همزمان_پیدا,همزمان_ڏيو,مشترکہ_پیداوار,همزمان_ڏيو,همزمان_پیدا,همزمان_پیدا,مشترکہ_پیداوار,مشترکہ_پیداوار,مشترکہ_پیداوار,مشترکہ_پیداوار,مشترکہ_پیداوار,هاوپەیوەند_بەرهەم,هاوپەیوەند_بەرهەم,همزمان_پیدا,ھەمزەمەن_چىقىرىش,إنتاج_مشترك,إنتاج_مشترك,إنتاج_مشترك,إنتاج_مشترك,همزمان_پیدا,همزمان_پیدا,إنتاج_مشترك,إنتاج_مشترك,همزمان_پیدا,همزمان_پیدا,همزمان_پیدا,همزمان_پیدا,همزمان_پیدا,همزمان_پیدا,كو_ييلد,همزمان_پیدا,ھەمزەمەن_چىقىرىش,ھەمزەمەن_چىقىرىش,ھەمزەمەن_چىقىرىش,إنتاج_مشترك,إنتاج_مشترك,အတူ_ထုတ်
decltype,operator,نوع_مشتق,قسم_اخذ,نوع_استخراج,نوع_استخراج,نوع_استخراج,قسم_اخذ,قسم_اخذ,قسم_اخذ,نوع_استخراج,نوع_استخراج,قسم_اخذ,قسم_اخذ,قسم_اخذ,قسم_اخذ,قسم_اخذ,جۆر_وەرگرتن,جۆر_وەرگرتن,نوع_استخراج,تىپ_چىقىرىش,نوع_مشتق,نوع_مشتق,نوع_مشتق,نوع_مشتق,نوع_استخراج,نوع_استخراج,نوع_مشتق,نوع_مشتق,نوع_استخراج,نوع_استخراج,نوع_استخراج,نوع_استخراج,نوع_استخراج,نوع_استخراج,ديكلتايب,نوع_استخراج,تىپ_چىقىرىش,تىپ_چىقىرىش,تىپ_چىقىرىش,نوع_مشتق,نوع_مشتق,အမျိုးအစား_ယူ
delete,operator,احذف,حذف_کرو,حذف,حذف,حذف,ختم,حذف_کرو,ختم,حذف,حذف,حذف_کرو,حذف_کرو,حذف_کرو,حذف_کرو,حذف_کرو,سڕینەوە,سڕینەوە,حذف,ئۆچۈر,احذف,احذف,احذف,احذف,حذف,حذف,احذف,احذف,حذف,حذف,حذف,حذف,حذف,حذف,ديليت,حذف,ئۆچۈر,ئۆچۈر,ئۆچۈر,احذف,احذف,ဖျက်
do,control,افعل,كرو,انجام_ده,انجام_ده,انجام_ده,ڪر,كرو,ڪر,انجام_ده,انجام_ده,كرو,كرو,كرو,كرو,كرو,بکە,بکە,کن,قىل,افعل,افعل,افعل,افعل,کن,کن,افعل,افعل,کن,کن,کن,کن,کن,کن,لکوقن,کن,قىل,قىل,قىل,افعل,افعل,လုပ်
double,type,مزدوج,دوگنا,دوگانه,دوگانه,دوگانه,ڊبل,دوگنا,ڊبل,دوگانه,دوگانه,دوگنا,دوگنا,دوگنا,دوگنا,دوگنا,دوگانه,دوگانه,دوگانه,قوش,مزدوج,مزدوج,مزدوج,مزدوج,دوگانه,دوگانه,مزدوج,مزدوج,دوگانه,دوگانه,دوگانه,دوگانه,دوگانه,دوگانه,دبل,دوگانه,قوش,قوش,قوش,مزدوج,مزدوج,နှစ်ဆ
dynamic_cast,operator,تحويل_ديناميكي,حرکی_ڈھال,تبدیل_پویا,تبدیل_پویا,تبدیل_پویا,حرڪتي_ڪاسٽ,حرکی_ڈھال,حرڪتي_ڪاسٽ,تبدیل_پویا,تبدیل_پویا,حرکی_ڈھال,حرکی_ڈھال,حرکی_ڈھال,حرکی_ڈھال,حرکی_ڈھال,گۆڕینی_پویا,گۆڕینی_پویا,تبدیل_پویا,پويالىق_ئايلاندۇرۇش,تحويل_ديناميكي,تحويل_ديناميكي,تحويل_ديناميكي,تحويل_ديناميكي,تبدیل_پویا,تبدیل_پویا,تحويل_ديناميكي,تحويل_ديناميكي,تبدیل_پویا,تبدیل_پویا,تبدیل_پویا,تبدیل_پویا,تبدیل_پویا,تبدیل_پویا,داينامك_كاست,تبدیل_پویا,پويالىق_ئايلاندۇرۇش,پويالىق_ئايلاندۇرۇش,پويالىق_ئايلاندۇرۇش,تحويل_ديناميكي,تحويل_ديناميكي,ပြောင်း_တက်
else,control,وإلا,ورنہ,وگرنه,وگرنه,وگرنه,ٻيئي,ورنہ,ٻيئي,وگرنه,وگرنه,ورنہ,ورنہ,ورنہ,ورنہ,ورنہ,ئەگەر_نە,ئەگەر_نە,وگرنه,بولمىسا,وإلا,وإلا,وإلا,وإلا,وگرنه,وگرنه,وإلا,وإلا,وگرنه,وگرنه,وگرنه,وگرنه,وگرنه,وگرنه,اݢرنه,وگرنه,بولمىسا,بولمىسا,بولمىسا,وإلا,وإلا,မဟုတ်ရင်
enum,definition,تعداد,گنتی,برشمار,برشمار,برشمار,ڳڻپ,گنتی,ڳڻپ,برشمار,برشمار,گنتی,گنتی,گنتی,گنتی,گنتی,ژمارە,ژمارە,برشمار,ساناق,تعداد,تعداد,تعداد,تعداد,برشمار,برشمار,تعداد,تعداد,برشمار,برشمار,برشمار,برشمار,برشمار,برشمار,اينم,برشمار,ساناق,ساناق,ساناق,تعداد,تعداد,စာရင်း
explicit,qualifier,صريح,واضح,صریح,صریح,صریح,واضح,واضح,واضح,صریح,صریح,واضح,واضح,واضح,واضح,واضح,ئاشكرا,ئاشكرا,صریح,ئاشكارا,صريح,صريح,صريح,صريح,صریح,صریح,صريح,صريح,صریح,صریح,صریح,صریح,صریح,صریح,اكسبليست,صریح,ئاشكارا,ئاشكارا,ئاشكارا,صريح,صريح,ရှင်း
export,module,تصدير,برآمد,صدور,صدور,صدور,ايڪسپورٽ,برآمد,ايڪسپورٽ,صدور,صدور,برآمد,برآمد,برآمد,برآمد,برآمد,هەناردن,هەناردن,صدور,چىقىرىش,تصدير,تصدير,تصدير,تصدير,صدور,صدور,تصدير,تصدير,صدور,صدور,صدور,صدور,صدور,صدور,ايكسپورت,صدور,چىقىرىش,چىقىرىش,چىقىرىش,تصدير,تصدير,တင်ပို့
extern,storage,خارجي,بیرونی,خارجی,خارجی,خارجی,ٻاهريون,بیرونی,ٻاهريون,خارجی,خارجی,بیرونی,بیرونی,بیرونی,بیرونی,بیرونی,دەرەوەیی,دەرەوەیی,خارجی,سىرتقى,خارجي,خارجي,خارجي,خارجي,خارجی,خارجی,خارجي,خارجي,خارجی,خارجی,خارجی,خارجی,خارجی,خارجی,ايكسترن,خارجی,سىرتقى,سىرتقى,سىرتقى,خارجي,خارجي,ပြင်ပ
false,literal,خطأ,غلط,نادرست,نادرست,نادرست,غلط,غلط,غلط,نادرست,نادرست,غلط,غلط,غلط,غلط,غلط,هەڵە,هەڵە,نادرست,يالغان,خطأ,خطأ,خطأ,خطأ,نادرست,نادرست,خطأ,خطأ,نادرست,نادرست,نادرست,نادرست,نادرست,نادرست,فالس,نادرست,يالغان,يالغان,يالغان,خطأ,خطأ,မှား
float,type,عائم,اعشاری,شناور,شناور,شناور,فلوٽ,اعشاری,فلوٽ,شناور,شناور,اعشاری,اعشاری,اعشاری,اعشاری,اعشاری,شناور,شناور,شناور,يۈزۈلگۈچ,عائم,عائم,عائم,عائم,شناور,شناور,عائم,عائم,شناور,شناور,شناور,شناور,شناور,شناور,فلوات,شناور,يۈزۈلگۈچ,يۈزۈلگۈچ,يۈزۈلگۈچ,عائم,عائم,အလွှာ
for,control,لـ,کے_ليے,برای,برای,برای,لاء,کے_ليے,لاء,برای,برای,کے_ليے,کے_ليے,کے_ليے,کے_ليے,کے_ليے,بۆ,بۆ,برای,ئۈچۈن,لـ,لـ,لـ,لـ,برای,برای,لـ,لـ,برای,برای,برای,برای,برای,برای,اونتوق,برای,ئۈچۈن,ئۈچۈن,ئۈچۈن,لـ,لـ,အတွက်
friend,definition,صديق,دوست,دوست,دوست,دوست,دوست,دوست,دوست,دوست,دوست,دوست,دوست,دوست,دوست,دوست,هاوڕێ,هاوڕێ,دوست,دوست,صديق,صديق,صديق,صديق,دوست,دوست,صديق,صديق,دوست,دوست,دوست,دوست,دوست,دوست,فريند,دوست,دوست,دوست,دوست,صديق,صديق,မိတ်ဆွေ
goto,control,اذهب_إلى,جاؤ,برو_به,برو_به,برو_به,وڃو,جاؤ,وڃو,برو_به,برو_به,جاؤ,جاؤ,جاؤ,جاؤ,جاؤ,بڕۆ,بڕۆ,برو_به,بېرىش,اذهب_إلى,اذهب_إلى,اذهب_إلى,اذهب_إلى,برو,برو,اذهب_إلى,اذهب_إلى,برو_به,برو_به,برو_به,برو_به,برو_به,برو_به,ڬوتو,برو_به,بېرىش,بېرىش,بېرىش,اذهب_إلى,اذهب_إلى,သွား
if,control,إذا,اگر,اگر,اگر,اگر,اگر,اگر,اگر,اگر,اگر,اگر,اگر,اگر,اگر,اگر,ئەگەر,ئەگەر,اگر,ئەگەر,إذا,إذا,إذا,إذا,اگر,اگر,إذا,إذا,اگر,اگر,اگر,اگر,اگر,اگر,اگر,اگر,ئەگەر,ئەگەر,ئەگەر,إذا,إذا,အကယ်၍
inline,qualifier,ضمني,اندرونی,درون‌خطی,درون‌خطی,درون‌خطی,اندروني,اندرونی,اندروني,درون‌خطی,درون‌خطی,اندرونی,اندرونی,اندرونی,اندرونی,اندرونی,ناوخۆیی,ناوخۆیی,درون‌خطی,ئىچكى,ضمني,ضمني,ضمني,ضمني,درون‌خطی,درون‌خطی,ضمني,ضمني,درون‌خطی,درون‌خطی,درون‌خطی,درون‌خطی,درون‌خطی,درون‌خطی,اينلاين,درون‌خطی,ئىچكى,ئىچكى,ئىچكى,ضمني,ضمني,အတွင်း
int,type,عدد_صحيح,عدد_صحیح,عدد_صحیح,عدد_صحیح,عدد_صحیح,صحیح,عدد_صحیح,صحیح,عدد_صحیح,عدد_صحیح,عدد_صحیح,عدد_صحیح,عدد_صحیح,عدد_صحیح,عدد_صحیح,تەمام,تەمام,عدد_صحیح,پۈتۈن,عدد_صحيح,عدد_صحيح,عدد_صحيح,عدد_صحيح,عدد_صحیح,عدد_صحیح,عدد_صحيح,عدد_صحيح,عدد_صحیح,عدد_صحیح,عدد_صحیح,عدد_صحیح,عدد_صحیح,عدد_صحیح,اينت,عدد_صحیح,پۈتۈن,پۈتۈن,پۈتۈن,عدد_صحيح,عدد_صحيح,အပြည့်
long,type,طويل,طویل,طولانی,طولانی,طولانی,ڊگهو,طویل,ڊگهو,طولانی,طولانی,طویل,طویل,طویل,طویل,طویل,درێژ,درێژ,طولانی,ئۇزۇن,طويل,طويل,طويل,طويل,طولانی,طولانی,طويل,طويل,طولانی,طولانی,طولانی,طولانی,طولانی,طولانی,لانگ,طولانی,ئۇزۇن,ئۇزۇن,ئۇزۇن,طويل,طويل,ရှည်
mutable,qualifier,قابل_تغيير,قابل_تبدیل,قابل_تغییر,قابل_تغییر,قابل_تغییر,بدلجڻ_جوڳي,قابل_تبدیل,بدلجڻ_جوڳي,قابل_تغییر,قابل_تغییر,قابل_تبدیل,قابل_تبدیل,قابل_تبدیل,قابل_تبدیل,قابل_تبدیل,گۆڕاو,گۆڕاو,قابل_تغییر,ئۆزگىرىشچان,قابل_تغيير,قابل_تغيير,قابل_تغيير,قابل_تغيير,قابل_تغییر,قابل_تغییر,قابل_تغيير,قابل_تغيير,قابل_تغییر,قابل_تغییر,قابل_تغییر,قابل_تغییر,قابل_تغییر,قابل_تغییر,ميوټيبل,قابل_تغییر,ئۆزگىرىشچان,ئۆزگىرىشچان,ئۆزگىرىشچان,قابل_تغيير,قابل_تغيير,ပြောင်းလဲနိုင်
namespace,definition,نطاق,نام_فضا,فضای_نام,فضای_نام,فضای_نام,نيم_اسپيس,نام_فضا,نيم_اسپيس,فضای_نام,فضای_نام,نام_فضا,نام_فضا,نام_فضا,نام_فضا,نام_فضا,ناونیشان,ناونیشان,فضای_نام,نام_كېڭەش,نطاق,نطاق,نطاق,نطاق,فضای_نام,فضای_نام,نطاق,نطاق,فضای_نام,فضای_نام,فضای_نام,فضای_نام,فضای_نام,فضای_نام,نيمسپس,فضای_نام,نام_كېڭەش,نام_كېڭەش,نام_كېڭەش,نطاق,نطاق,နယ်ပယ်
new,operator,جديد,نیا,جدید,جدید,جدید,نئون,نیا,نئون,جدید,جدید,نیا,نیا,نیا,نیا,نیا,نوى,نوى,جدید,يېڭى,جديد,جديد,جديد,جديد,جدید,جدید,جديد,جديد,جدید,جدید,جدید,جدید,جدید,جدید,نيو,جدید,يېڭى,يېڭى,يېڭى,جديد,جديد,အသစ်
noexcept,qualifier,لا_استثناء,بلا_استثنا,بی_استثناء,بی_استثناء,بی_استثناء,بغير_استثناء,بلا_استثنا,بغير_استثناء,بی_استثناء,بی_استثناء,بلا_استثنا,بلا_استثنا,بلا_استثنا,بلا_استثنا,بلا_استثنا,بێ_هەڵە,بێ_هەڵە,بی_استثناء,مۇستەسناسىز,لا_استثناء,لا_استثناء,لا_استثناء,لا_استثناء,بی_استثناء,بی_استثناء,لا_استثناء,لا_استثناء,بی_استثناء,بی_استثناء,بی_استثناء,بی_استثناء,بی_استثناء,بی_استثناء,نوإكسبت,بی_استثناء,مۇستەسناسىز,مۇستەسناسىز,مۇستەسناسىز,لا_استثناء,لا_استثناء,မဖြစ်နိုင်
nullptr,literal,فارغ,خالی,تهی,تهی,تهی,خالي,خالی,خالي,تهی,تهی,خالی,خالی,خالی,خالی,خالی,بەتاڵ,بەتاڵ,تهی,بوش,فارغ,فارغ,فارغ,فارغ,تهی,تهی,فارغ,فارغ,تهی,تهی,تهی,تهی,تهی,تهی,نل_پوائنٽر,تهی,بوش,بوش,بوش,فارغ,فارغ,အလွတ်
operator,definition,مشغل,عامل,عملگر,عملگر,عملگر,آپريٽر,عامل,آپريٽر,عملگر,عملگر,عامل,عامل,عامل,عامل,عامل,ئامراز,ئامراز,عملگر,ئامالچى,مشغل,مشغل,مشغل,مشغل,عملگر,عملگر,مشغل,مشغل,عملگر,عملگر,عملگر,عملگر,عملگر,عملگر,اوپريٽر,عملگر,ئامالچى,ئامالچى,ئامالچى,مشغل,مشغل,အော်ပရေတာ
or,operator,أو,یا,یا,یا,یا,يا,یا,يا,یا,یا,یا,یا,یا,یا,یا,یان,یان,یا,ياكى,أو,أو,أو,أو,یا,یا,أو,أو,یا,یا,یا,یا,یا,یا,اور,یا,ياكى,ياكى,ياكى,أو,أو,သို့
or_eq,operator,أو_برابر,یا_برابر,یا_برابر,یا_برابر,یا_برابر,يا_برابر,یا_برابر,يا_برابر,یا_برابر,یا_برابر,یا_برابر,یا_برابر,یا_برابر,یا_برابر,یا_برابر,یان_یەکسان,یان_یەکسان,یا_برابر,ياكى_تەڭ,أو_برابر,أو_برابر,أو_برابر,أو_برابر,یا_برابر,یا_برابر,أو_برابر,أو_برابر,یا_برابر,یا_برابر,یا_برابر,یا_برابر,یا_برابر,یا_برابر,اور_ايكول,یا_برابر,ياكى_تەڭ,ياكى_تەڭ,ياكى_تەڭ,أو_برابر,أو_برابر,သို့_တူ
private,access,خاص,ذاتی,خصوصی,خصوصی,خصوصی,نجي,ذاتی,نجي,خصوصی,خصوصی,ذاتی,ذاتی,ذاتی,ذاتی,ذاتی,تایبەتی,تایبەتی,خصوصی,خاس,خاص,خاص,خاص,خاص,خصوصی,خصوصی,خاص,خاص,خصوصی,خصوصی,خصوصی,خصوصی,خصوصی,خصوصی,پرائيويٽ,خصوصی,خاس,خاس,خاس,خاص,خاص,ကိုယ်ပိုင်
protected,access,محمي,محفوظ,محافظت_شده,محافظت_شده,محافظت_شده,محفوظ,محفوظ,محفوظ,محافظت_شده,محافظت_شده,محفوظ,محفوظ,محفوظ,محفوظ,محفوظ,پارێزراو,پارێزراو,محافظت_شده,قوغدىلغان,محمي,محمي,محمي,محمي,محافظت_شده,محافظت_شده,محمي,محمي,محافظت_شده,محافظت_شده,محافظت_شده,محافظت_شده,محافظت_شده,محافظت_شده,پروٽيڪټڊ,محافظت_شده,قوغدىلغان,قوغدىلغان,قوغدىلغان,محمي,محمي,ကာကွယ်
public,access,عام,عوامی,عمومی,عمومی,عمومی,عام,عوامی,عام,عمومی,عمومی,عوامی,عوامی,عوامی,عوامی,عوامی,گشتی,گشتی,عمومی,ئاشكارا,عام,عام,عام,عام,عمومی,عمومی,عام,عام,عمومی,عمومی,عمومی,عمومی,عمومی,عمومی,پبلڪ,عمومی,ئاشكارا,ئاشكارا,ئاشكارا,عام,عام,အများ
reinterpret_cast,operator,إعادة_تفسير,دوبارہ_تشریح,تفسیر_مجدد,تفسیر_مجدد,تفسیر_مجدد,نئون_تشريح,دوبارہ_تشریح,نئون_تشريح,تفسیر_مجدد,تفسیر_مجدد,دوبارہ_تشریح,دوبارہ_تشریح,دوبارہ_تشریح,دوبارہ_تشریح,دوبارہ_تشریح,دوبارە_وەسف,دوبارە_وەسف,تفسیر_مجدد,قايتا_چۈشەندۈرۈش,إعادة_تفسير,إعادة_تفسير,إعادة_تفسير,إعادة_تفسير,تفسیر_مجدد,تفسیر_مجدد,إعادة_تفسير,إعادة_تفسير,تفسیر_مجدد,تفسیر_مجدد,تفسیر_مجدد,تفسیر_مجدد,تفسیر_مجدد,تفسیر_مجدد,ريانتيرپريت_كاست,تفسیر_مجدد,قايتا_چۈشەندۈرۈش,قايتا_چۈشەندۈرۈش,قايتا_چۈشەندۈرۈش,إعادة_تفسير,إعادة_تفسير,ပြန်ဖော်ပြ
return,control,ارجع,واپس_کرو,برگردان,برگردان,برگردان,موٽايو,واپس_کرو,موٽايو,برگردان,برگردان,واپس_کرو,واپس_کرو,واپس_کرو,واپس_کرو,واپس_کرو,بگەڕێنەوە,بگەڕێنەوە,بازگردان,قايتۇر,ارجع,ارجع,ارجع,ارجع,برگردان,برگردان,ارجع,ارجع,برگردان,برگردان,برگردان,برگردان,برگردان,برگردان,كembali,برگردان,قايتۇر,قايتۇر,قايتۇر,ارجع,ارجع,ပြန်
short,type,قصير,چھوٹا,کوتاه,کوتاه,کوتاه,ننڍو,چھوٹا,ننڍو,کوتاه,کوتاه,چھوٹا,چھوٹا,چھوٹا,چھوٹا,چھوٹا,کورت,کورت,کوتاه,قىسقا,قصير,قصير,قصير,قصير,کوتاه,کوتاه,قصير,قصير,کوتاه,کوتاه,کوتاه,کوتاه,کوتاه,کوتاه,شورت,کوتاه,قىسقا,قىسقا,قىسقا,قصير,قصير,တို
signed,qualifier,موقع,دستخطی,علامت‌دار,علامت‌دار,علامت‌دار,سائنڊ,دستخطی,سائنڊ,علامت‌دار,علامت‌دار,دستخطی,دستخطی,دستخطی,دستخطی,دستخطی,نیشان‌دار,نیشان‌دار,علامت‌دار,ئىمزالۇق,موقع,موقع,موقع,موقع,علامت‌دار,علامت‌دار,موقع,موقع,علامت‌دار,علامت‌دار,علامت‌دار,علامت‌دار,علامت‌دار,علامت‌دار,سايند,علامت‌دار,ئىمزالۇق,ئىمزالۇق,ئىمزالۇق,موقع,موقع,လက်မှတ်ပါ
sizeof,operator,حجم,سائز,اندازه,اندازه,اندازه,سائز,سائز,سائز,اندازه,اندازه,سائز,سائز,سائز,سائز,سائز,قەبارە,قەبارە,اندازه,چوڭلۇق,حجم,حجم,حجم,حجم,اندازه,اندازه,حجم,حجم,اندازه,اندازه,اندازه,اندازه,اندازه,اندازه,سايز,اندازه,چوڭلۇق,چوڭلۇق,چوڭلۇق,حجم,حجم,အရွယ်
static,storage,ثابت,جامد,ایستا,ایستا,ایستا,جامد,جامد,جامد,ایستا,ایستا,جامد,جامد,جامد,جامد,جامد,جێگیر,جێگیر,ایستا,مۇقىم,ثابت,ثابت,ثابت,ثابت,ایستا,ایستا,ثابت,ثابت,ایستا,ایستا,ایستا,ایستا,ایستا,ایستا,ستاتيك,ایستا,مۇقىم,مۇقىم,مۇقىم,ثابت,ثابت,အမြဲတမ်း
static_assert,definition,تأكيد_ثابت,جامد_تصدیق,تأیید_ایستا,تأیید_ایستا,تأیید_ایستا,جامد_جاچ,جامد_تصدیق,جامد_جاچ,تأیید_ایستا,تأیید_ایستا,جامد_تصدیق,جامد_تصدیق,جامد_تصدیق,جامد_تصدیق,جامد_تصدیق,جێگیر_پشتڕاست,جێگیر_پشتڕاست,تأیید_ایستا,مۇقىم_تەكشۈرۈش,تأكيد_ثابت,تأكيد_ثابت,تأكيد_ثابت,تأكيد_ثابت,تأیید_ایستا,تأیید_ایستا,تأكيد_ثابت,تأكيد_ثابت,تأیید_ایستا,تأیید_ایستا,تأیید_ایستا,تأیید_ایستا,تأیید_ایستا,تأیید_ایستا,ستاتيك_اسيرت,تأیید_ایستا,مۇقىم_تەكشۈرۈش,مۇقىم_تەكشۈرۈش,مۇقىم_تەكشۈرۈش,تأكيد_ثابت,تأكيد_ثابت,တည်ငြိမ်_စစ်ဆေး
struct,definition,هيكل,ساخت,ساختار,ساختار,ساختار,ساخت,ساخت,ساخت,ساختار,ساختار,ساخت,ساخت,ساخت,ساخت,ساخت,پێکهاتە,پێکهاتە,ساختار,قۇرۇلما,هيكل,هيكل,هيكل,هيكل,ساختار,ساختار,هيكل,هيكل,ساختار,ساختار,ساختار,ساختار,ساختار,ساختار,ستركت,ساختار,قۇرۇلما,قۇرۇلما,قۇرۇلما,هيكل,هيكل,ဖွဲ့စည်း
switch,control,تحويل,سوئچ,تغییر,تغییر,تغییر,مٽاسٽا,سوئچ,مٽاسٽا,تغییر,تغییر,سوئچ,سوئچ,سوئچ,سوئچ,سوئچ,گۆڕین,گۆڕین,تبدیل,ئالماشتۇرۇش,تحويل,تحويل,تحويل,تحويل,تغییر,تغییر,تحويل,تحويل,تغییر,تغییر,تغییر,تغییر,تغییر,تغییر,سوچ,تغییر,ئالماشتۇرۇش,ئالماشتۇرۇش,ئالماشتۇرۇش,تحويل,تحويل,ပြောင်း
template,definition,قالب,سانچہ,قالب,قالب,قالب,سانچو,سانچہ,سانچو,قالب,قالب,سانچہ,سانچہ,سانچہ,سانچہ,سانچہ,قالب,قالب,قالب,قېلىپ,قالب,قالب,قالب,قالب,قالب,قالب,قالب,قالب,قالب,قالب,قالب,قالب,قالب,قالب,ٹيمپليٽ,قالب,قېلىپ,قېلىپ,قېلىپ,قالب,قالب,ပုံစံ
this,operator,هذا,یہ,این,این,این,هي,یہ,هي,این,این,یہ,یہ,یہ,یہ,یہ,ئەمە,ئەمە,این,بۇ,هذا,هذا,هذا,هذا,این,این,هذا,هذا,این,این,این,این,این,این,دس,این,بۇ,بۇ,بۇ,هذا,هذا,ဤ
thread_local,storage,محلي_خيط,تھریڈ_مقامی,محلی_ریسمان,محلی_ریسمان,محلی_ریسمان,ٿريڊ_لوڪل,تھریڈ_مقامی,ٿريڊ_لوڪل,محلی_ریسمان,محلی_ریسمان,تھریڈ_مقامی,تھریڈ_مقامی,تھریڈ_مقامی,تھریڈ_مقامی,تھریڈ_مقامی,خێتی_ناوخۆیی,خێتی_ناوخۆیی,محلی_ریسمان,يىپ_ئايلى,محلي_خيط,محلي_خيط,محلي_خيط,محلي_خيط,محلی_ریسمان,محلی_ریسمان,محلي_خيط,محلي_خيط,محلی_ریسمان,محلی_ریسمان,محلی_ریسمان,محلی_ریسمان,محلی_ریسمان,محلی_ریسمان,ٿريڊ_لوڪل,محلی_ریسمان,يىپ_ئايلى,يىپ_ئايلى,يىپ_ئايلى,محلي_خيط,محلي_خيط,ကြိုးအတွင်း
throw,exception,ارم,پھینکو,پرتاب,پرتاب,پرتاب,اڇلايو,پھینکو,اڇلايو,پرتاب,پرتاب,پھینکو,پھینکو,پھینکو,پھینکو,پھینکو,هاوڕێن,هاوڕێن,پرتاب,تاشلا,ارم,ارم,ارم,ارم,پرتاب,پرتاب,ارم,ارم,پرتاب,پرتاب,پرتاب,پرتاب,پرتاب,پرتاب,ٿرو,پرتاب,تاشلا,تاشلا,تاشلا,ارم,ارم,ပစ်
true,literal,صحيح,سچ,درست,درست,درست,سچ,سچ,سچ,درست,درست,سچ,سچ,سچ,سچ,سچ,ڕاست,ڕاست,درست,توغرا,صحيح,صحيح,صحيح,صحيح,درست,درست,صحيح,صحيح,درست,درست,درست,درست,درست,درست,ٹرو,درست,توغرا,توغرا,توغرا,صحيح,صحيح,မှန်
try,exception,حاول,کوشش,سعی,سعی,سعی,ڪوشش,کوشش,ڪوشش,سعی,سعی,کوشش,کوشش,کوشش,کوشش,کوشش,هەوڵ,هەوڵ,سعی,سىناش,حاول,حاول,حاول,حاول,سعی,سعی,حاول,حاول,سعی,سعی,سعی,سعی,سعی,سعی,ٽرائي,سعی,سىناش,سىناش,سىناش,حاول,حاول,ကြိုးစား
typedef,definition,تعريف_نوع,نوع_تعریف,تعریف_نوع,تعریف_نوع,تعریف_نوع,قسم_تعريف,نوع_تعریف,قسم_تعريف,تعریف_نوع,تعریف_نوع,نوع_تعریف,نوع_تعریف,نوع_تعریف,نوع_تعریف,نوع_تعریف,جۆر_ناسێن,جۆر_ناسێن,تعریف_نوع,تىپ_ئېنىقلاش,تعريف_نوع,تعريف_نوع,تعريف_نوع,تعريف_نوع,تعریف_نوع,تعریف_نوع,تعريف_نوع,تعريف_نوع,تعریف_نوع,تعریف_نوع,تعریف_نوع,تعریف_نوع,تعریف_نوع,تعریف_نوع,تايپديف,تعریف_نوع,تىپ_ئېنىقلاش,تىپ_ئېنىقلاش,تىپ_ئېنىقلاش,تعريف_نوع,تعريف_نوع,အမျိုးအစားသတ်မှတ်
typeid,operator,معرف_نوع,نوع_شناسه,شناسه_نوع,شناسه_نوع,شناسه_نوع,قسم_سڃاڻپ,نوع_شناسه,قسم_سڃاڻپ,شناسه_نوع,شناسه_نوع,نوع_شناسه,نوع_شناسه,نوع_شناسه,نوع_شناسه,نوع_شناسه,جۆر_ناسنامە,جۆر_ناسنامە,شناسه_نوع,تىپ_كىملىكى,معرف_نوع,معرف_نوع,معرف_نوع,معرف_نوع,شناسه_نوع,شناسه_نوع,معرف_نوع,معرف_نوع,شناسه_نوع,شناسه_نوع,شناسه_نوع,شناسه_نوع,شناسه_نوع,شناسه_نوع,تايپ_آئي_ڊي,شناسه_نوع,تىپ_كىملىكى,تىپ_كىملىكى,تىپ_كىملىكى,معرف_نوع,معرف_نوع,အမျိုးအစား_ID
typename,definition,اسم_نوع,نام_نوع,نام_نوع,نام_نوع,نام_نوع,نالو_قسم,نام_نوع,نالو_قسم,نام_نوع,نام_نوع,نام_نوع,نام_نوع,نام_نوع,نام_نوع,نام_نوع,ناوى_جۆر,ناوى_جۆر,نام_نوع,تىپ_نامى,اسم_نوع,اسم_نوع,اسم_نوع,اسم_نوع,نام_نوع,نام_نوع,اسم_نوع,اسم_نوع,نام_نوع,نام_نوع,نام_نوع,نام_نوع,نام_نوع,نام_نوع,تايپ_نيم,نام_نوع,تىپ_نامى,تىپ_نامى,تىپ_نامى,اسم_نوع,اسم_نوع,အမျိုးအစား_အမည်
union,definition,اتحاد,یونین,اتحاد,اتحاد,اتحاد,يونين,یونین,يونين,اتحاد,اتحاد,یونین,یونین,یونین,یونین,یونین,یەکگرتن,یەکگرتن,اتحاد,بىرلەشمە,اتحاد,اتحاد,اتحاد,اتحاد,اتحاد,اتحاد,اتحاد,اتحاد,اتحاد,اتحاد,اتحاد,اتحاد,اتحاد,اتحاد,يونين,اتحاد,بىرلەشمە,بىرلەشمە,بىرلەشمە,اتحاد,اتحاد,ပေါင်းစည်း
using,definition,استخدام,استعمال,استفاده,استفاده,استفاده,استعمال,استعمال,استعمال,استفاده,استفاده,استعمال,استعمال,استعمال,استعمال,استعمال,بەکارھێنان,بەکارھێنان,استفاده,ئىشلىتىش,استخدام,استخدام,استخدام,استخدام,استفاده,استفاده,استخدام,استخدام,استفاده,استفاده,استفاده,استفاده,استفاده,استفاده,يوزنگ,استفاده,ئىشلىتىش,ئىشلىتىش,ئىشلىتىش,استخدام,استخدام,အသုံး
virtual,qualifier,افتراضي,مجازی,مجازی,مجازی,مجازی,مجازي,مجازی,مجازي,مجازی,مجازی,مجازی,مجازی,مجازی,مجازی,مجازی,مەجازی,مەجازی,مجازی,ۋىرتۇئال,افتراضي,افتراضي,افتراضي,افتراضي,مجازی,مجازی,افتراضي,افتراضي,مجازی,مجازی,مجازی,مجازی,مجازی,مجازی,ورچوئل,مجازی,ۋىرتۇئال,ۋىرتۇئال,ۋىرتۇئال,افتراضي,افتراضي,အတု
void,type,فارغ,خالی,تهی,تهی,تهی,خالي,خالی,خالي,تهی,تهی,خالی,خالی,خالی,خالی,خالی,بەتاڵ,بەتاڵ,تهی,بوش,فارغ,فارغ,فارغ,فارغ,تهی,تهی,فارغ,فارغ,تهی,تهی,تهی,تهی,تهی,تهی,ڤويد,تهی,بوش,بوش,بوش,فارغ,فارغ,အလွတ်
volatile,qualifier,متقلب,متغیر,ناپایدار,ناپایدار,ناپایدار,متغير,متغیر,متغير,ناپایدار,ناپایدار,متغیر,متغیر,متغیر,متغیر,متغیر,گۆڕاو,گۆڕاو,ناپایدار,ئۆزگىرىشچان,متقلب,متقلب,متقلب,متقلب,ناپایدار,ناپایدار,متقلب,متقلب,ناپایدار,ناپایدار,ناپایدار,ناپایدار,ناپایدار,ناپایدار,ڤولاتايل,ناپایدار,ئۆزگىرىشچان,ئۆزگىرىشچان,ئۆزگىرىشچان,متقلب,متقلب,မတည်ငြိမ်
wchar_t,type,حرف_واسع,وسیع_حرف,کاراکتر_وسیع,کاراکتر_وسیع,کاراکتر_وسیع,اکر_وڏو,وسیع_حرف,اکر_وڏو,کاراکتر_وسیع,کاراکتر_وسیع,وسیع_حرف,وسیع_حرف,وسیع_حرف,وسیع_حرف,وسیع_حرف,پیت_پهن,پیت_پهن,کاراکتر_وسیع,كېڭ_ھەرپ,حرف_واسع,حرف_واسع,حرف_واسع,حرف_واسع,کاراکتر_وسیع,کاراکتر_وسیع,حرف_واسع,حرف_واسع,کاراکتر_وسیع,کاراکتر_وسیع,کاراکتر_وسیع,کاراکتر_وسیع,کاراکتر_وسیع,کاراکتر_وسیع,واچار,کاراکتر_وسیع,كېڭ_ھەرپ,كېڭ_ھەرپ,كېڭ_ھەرپ,حرف_واسع,حرف_واسع,အက္ခရာကြီး
while,control,بينما,جب_تك,تا_زمانی_که,تا_زمانی_که,تا_زمانی_که,جيستائين,جب_تك,جيستائين,تا_زمانی_که,تا_زمانی_که,جب_تك,جب_تك,جب_تك,جب_تك,جب_تك,کاتێک,کاتێک,تا,قەدەر,بينما,بينما,بينما,بينما,تا,تا,بينما,بينما,تا,تا,تا,تا,تا,تا,سلمان,تا,قەدەر,قەدەر,قەدەر,بينما,بينما,အထိ
